Image_ID,x,y,w,h
4F61C9B6,0.465072900056839,0.47069036960601807,0.19912630319595337,0.2724159359931946
A759F482,0.3660450279712677,0.4944409430027008,0.3154509663581848,0.393503874540329
FD9D272B,0.4004407525062561,0.5448222756385803,0.29490920901298523,0.3598906099796295
530BD155,0.27785468101501465,0.33439651131629944,0.3611434996128082,0.43707475066185
C8082767,0.36001262068748474,0.4227380156517029,0.3572483956813812,0.46144434809684753
36529F94,0.41512826085090637,0.4457750916481018,0.3742038607597351,0.4474799633026123
5E145AC9,0.4029642343521118,0.4065314829349518,0.3190641701221466,0.4126410484313965
DBE4A039,0.3890981674194336,0.5292465090751648,0.2683962285518646,0.38076162338256836
212B1A07,0.42381712794303894,0.3794890344142914,0.24984827637672424,0.3842478096485138
E4E50C49,0.4340483546257019,0.4836459159851074,0.1894039660692215,0.2987062335014343
2DF37390,0.33773496747016907,0.4002584218978882,0.3126370906829834,0.4604939818382263
4E5F6238,0.4694134593009949,0.5700029134750366,0.2402081936597824,0.31653326749801636
1F910E96,0.46450021862983704,0.5066310167312622,0.19963236153125763,0.29860880970954895
C3A69832,0.40126708149909973,0.48774731159210205,0.23773406445980072,0.3959076702594757
57C8BA59,0.3359561562538147,0.3977825939655304,0.4190021753311157,0.5114150047302246
D74149F5,0.4242815375328064,0.573549747467041,0.2567612826824188,0.3347909152507782
2BCA7DD7,0.3955790400505066,0.5332965850830078,0.3261338472366333,0.3910019099712372
BACF93EE,0.3878386318683624,0.5484489798545837,0.3054983615875244,0.37716031074523926
DD86AC55,0.40144675970077515,0.3662467300891876,0.25194382667541504,0.29672104120254517
BCCAF590,0.4241790771484375,0.5496269464492798,0.24883298575878143,0.3539128005504608
13866A5C,0.41997992992401123,0.469728022813797,0.2553673982620239,0.3224678039550781
230DFF08,0.34644272923469543,0.33047810196876526,0.44440752267837524,0.5160860419273376
87AB4178,0.3084816336631775,0.4537997543811798,0.35778653621673584,0.4157402813434601
92ACFA0F,0.3525155484676361,0.49443525075912476,0.30642762780189514,0.3739588260650635
5FE5C0D0,0.5344855189323425,0.4969017505645752,0.24080967903137207,0.29891806840896606
ED93100D,0.4621369242668152,0.45580050349235535,0.3006056547164917,0.3957032859325409
9A35C300,0.43773311376571655,0.567248523235321,0.23988182842731476,0.31747785210609436
15B46713,0.5131182074546814,0.44608086347579956,0.24226175248622894,0.33437326550483704
834A7A1C,0.372298926115036,0.2707298994064331,0.3952169120311737,0.45833829045295715
BEE49B92,0.4785241484642029,0.5396041870117188,0.22505736351013184,0.3045799136161804
7A8D69D4,0.4119386076927185,0.5623626112937927,0.28084906935691833,0.3577582538127899
58BEBA5F,0.4228868782520294,0.5445007085800171,0.27335765957832336,0.379363089799881
A522801E,0.3782321512699127,0.5092967748641968,0.2742243707180023,0.3912617564201355
319EDFB1,0.4445195198059082,0.5264623761177063,0.2228427529335022,0.3226308226585388
6BF55E58,0.4225603938102722,0.5906554460525513,0.2563042938709259,0.3468674123287201
0A70547B,0.499587744474411,0.5104374885559082,0.20810207724571228,0.2730734050273895
223C3F4D,0.43975481390953064,0.43820512294769287,0.2402590662240982,0.29620978236198425
7A4853E0,0.42750829458236694,0.4572884440422058,0.22227682173252106,0.35091692209243774
2396A0F0,0.3324969708919525,0.40408700704574585,0.34762412309646606,0.4309850335121155
ACDC5125,0.44565629959106445,0.47480565309524536,0.23212532699108124,0.35945743322372437
875EFBC9,0.4015353322029114,0.42949584126472473,0.24844317138195038,0.2984324097633362
17707016,0.3374638259410858,0.47758084535598755,0.3397677540779114,0.38686177134513855
05EDF063,0.42883536219596863,0.5382624268531799,0.24194124341011047,0.35385996103286743
C73376CD,0.4320161044597626,0.44529226422309875,0.21719248592853546,0.3186395466327667
11A03506,0.45995813608169556,0.49951672554016113,0.2698290944099426,0.3807303309440613
71BA1685,0.47099757194519043,0.4519061744213104,0.21007202565670013,0.32304224371910095
5DC3C252,0.33529746532440186,0.4685376286506653,0.3280143439769745,0.41692158579826355
F03531EA,0.4615519642829895,0.3084057867527008,0.3539857566356659,0.40677720308303833
065AB0EB,0.4107975661754608,0.47189247608184814,0.2688828110694885,0.4382258653640747
791487A4,0.45480406284332275,0.512130618095398,0.196478471159935,0.28509801626205444
891C022B,0.3048446774482727,0.39332863688468933,0.30801525712013245,0.37779784202575684
E22E3E61,0.3331553041934967,0.4050230383872986,0.30766239762306213,0.4415843188762665
D3C59C12,0.4422680735588074,0.44743338227272034,0.2561000883579254,0.33528932929039
404AFEBF,0.39576074481010437,0.5441184043884277,0.3003203272819519,0.3704618215560913
DBCFF711,0.4617484509944916,0.502155601978302,0.23730230331420898,0.3378978669643402
E0FFA14F,0.29662877321243286,0.3885669410228729,0.3895990252494812,0.45442596077919006
D7AB8120,0.3832782804965973,0.34230664372444153,0.4034843444824219,0.4948975145816803
72BFFA57,0.4778253436088562,0.41869476437568665,0.2667476236820221,0.40025657415390015
13877F3A,0.41248026490211487,0.44879093766212463,0.3097829222679138,0.3911519944667816
C11E4C2E,0.39125433564186096,0.5406290292739868,0.27918463945388794,0.36117759346961975
CCD2C54F,0.3990851938724518,0.441569447517395,0.2733783423900604,0.4198073744773865
0461F61E,0.4052009582519531,0.4598117172718048,0.2849361002445221,0.41831517219543457
23D7F5B0,0.34611767530441284,0.28564292192459106,0.3340736925601959,0.39971721172332764
5704648A,0.4289743900299072,0.45244768261909485,0.2276499718427658,0.2895212471485138
C16F51F5,0.31517478823661804,0.4440287947654724,0.29427215456962585,0.39506396651268005
C6084234,0.41959303617477417,0.4427611827850342,0.20148281753063202,0.2620086073875427
364215F4,0.3767632246017456,0.5247902274131775,0.33996230363845825,0.40766116976737976
C6D07BF2,0.4474688768386841,0.46289390325546265,0.20667310059070587,0.32668089866638184
617F00E3,0.4701722264289856,0.3984759747982025,0.2646370232105255,0.39082804322242737
EED5D90B,0.32388636469841003,0.3709534704685211,0.25357094407081604,0.3404262065887451
7FCE09E5,0.38201195001602173,0.51419597864151,0.3330255150794983,0.41321077942848206
F6A43E44,0.3853953182697296,0.47592493891716003,0.25580689311027527,0.4057560861110687
C2BDF256,0.4811914265155792,0.37895283102989197,0.2277335673570633,0.3431988060474396
0260F033,0.5105451941490173,0.34863927960395813,0.28080761432647705,0.3408355116844177
11DFABDA,0.45779848098754883,0.49912986159324646,0.2475275844335556,0.3469868302345276
1D6020B9,0.5163790583610535,0.5060409903526306,0.21629559993743896,0.2835824489593506
847BF435,0.452694296836853,0.5210817456245422,0.2249891310930252,0.34070396423339844
927C6013,0.273712158203125,0.3215624988079071,0.3428702652454376,0.4420130252838135
5EDC1E40,0.4873645305633545,0.521366536617279,0.19386790692806244,0.26111406087875366
7BFEFC98,0.32174670696258545,0.31651321053504944,0.43178778886795044,0.5323550701141357
888EA9B7,0.4625581204891205,0.5329801440238953,0.22241316735744476,0.31476759910583496
0BB34BE0,0.4461986720561981,0.3328353762626648,0.31775107979774475,0.4387124180793762
D4086865,0.40881866216659546,0.27699488401412964,0.277420312166214,0.3402397930622101
1EE895CC,0.39653733372688293,0.4772816002368927,0.27742844820022583,0.31448090076446533
BF8CEA13,0.4837850332260132,0.3726262152194977,0.25586965680122375,0.37935733795166016
21386B21,0.3989713191986084,0.46325209736824036,0.3157682418823242,0.41989782452583313
65436876,0.3730591833591461,0.3735237419605255,0.3598517179489136,0.43601319193840027
D818E9F5,0.4918742775917053,0.4590195417404175,0.2353287637233734,0.33211398124694824
ED970E5B,0.320171982049942,0.438994437456131,0.38797876238822937,0.43324753642082214
9E148E59,0.33586856722831726,0.4647839367389679,0.32002103328704834,0.40173444151878357
61E98DEE,0.40327054262161255,0.4453486204147339,0.21315838396549225,0.297228068113327
1D10F37D,0.3996969759464264,0.5441337823867798,0.24824395775794983,0.3620469272136688
A76651FA,0.45629292726516724,0.37537258863449097,0.28742149472236633,0.4311040937900543
BE6F8E77,0.4620441198348999,0.5457571744918823,0.2210342288017273,0.3053305745124817
61FCC126,0.503381073474884,0.5138209462165833,0.217463418841362,0.28277188539505005
0FC03BC0,0.407035231590271,0.4641045331954956,0.3396831154823303,0.43946555256843567
7DC2F3DE,0.45786017179489136,0.5018936395645142,0.1884823888540268,0.28240346908569336
0EC294FB,0.4719289541244507,0.5707751512527466,0.24748432636260986,0.3242606222629547
0A9117FD,0.34347665309906006,0.4046987295150757,0.4493046700954437,0.5271613597869873
CD8765AE,0.47938016057014465,0.5377693176269531,0.21835093200206757,0.2967107892036438
6C81604C,0.42560291290283203,0.48145589232444763,0.19444219768047333,0.2882850170135498
FFC41FD8,0.48668310046195984,0.46631646156311035,0.2713676393032074,0.3192751109600067
B3E6AACC,0.43321946263313293,0.5817973017692566,0.247089222073555,0.33155733346939087
936419FC,0.3551792800426483,0.5039988160133362,0.33789902925491333,0.4260506331920624
323A7DD3,0.36373674869537354,0.2950890064239502,0.4312009811401367,0.4700062572956085
BEB6920C,0.4156789779663086,0.5510653257369995,0.30368542671203613,0.3927067220211029
E6E29AED,0.3151342272758484,0.4620238244533539,0.2909751832485199,0.354581743478775
11C79B4A,0.37568575143814087,0.5234166979789734,0.3100089430809021,0.3916874825954437
7DDC2E3E,0.43173351883888245,0.36466577649116516,0.24717822670936584,0.3866513967514038
5C1BABE7,0.339097797870636,0.3372969329357147,0.3165411055088043,0.3998587429523468
6411A5CA,0.4389016628265381,0.4964165687561035,0.2769266963005066,0.3966203033924103
7CEF5B3D,0.39088383316993713,0.4927031397819519,0.2535443603992462,0.33324846625328064
6546259F,0.4613873064517975,0.5670801997184753,0.2754945158958435,0.3566403388977051
5B0A8D03,0.37274399399757385,0.4870537221431732,0.22381046414375305,0.3342302441596985
AB6C3E94,0.4272887110710144,0.516862690448761,0.3111525774002075,0.36946219205856323
94D3313A,0.27237313985824585,0.46031275391578674,0.3262702524662018,0.39380547404289246
E6088555,0.48770660161972046,0.5263442397117615,0.21229560673236847,0.2885585427284241
7D7CF91A,0.4336244761943817,0.3909366726875305,0.23560096323490143,0.3700109124183655
699D7428,0.4596550464630127,0.5733453631401062,0.23312152922153473,0.3107922673225403
4333583F,0.5136686563491821,0.5081572532653809,0.21367016434669495,0.27627575397491455
5E492B7F,0.4610581398010254,0.5769321918487549,0.2367733269929886,0.322969526052475
C7AF779D,0.33862799406051636,0.4854525327682495,0.3306888937950134,0.3976306915283203
57DEA6A5,0.39374086260795593,0.5106213092803955,0.28427645564079285,0.40748751163482666
8CFDE8A5,0.4748874604701996,0.4214111268520355,0.2452516257762909,0.3817625939846039
0380861A,0.4524545967578888,0.5632522702217102,0.26394912600517273,0.3409973382949829
23CD810A,0.4177296459674835,0.23544394969940186,0.46935442090034485,0.5097086429595947
520D44D7,0.4390869140625,0.4675162732601166,0.21326926350593567,0.3053668439388275
7463392A,0.480905681848526,0.555626392364502,0.2508426904678345,0.32106536626815796
E20C6AC2,0.4056304395198822,0.41308102011680603,0.22496667504310608,0.37546268105506897
84F86E8C,0.3758121430873871,0.41044771671295166,0.3281443417072296,0.4049072563648224
866DDC6E,0.4106207489967346,0.5315055847167969,0.30115917325019836,0.3624543845653534
5C8D4687,0.3414279520511627,0.5212918519973755,0.2995557188987732,0.35692793130874634
CB502048,0.3280389606952667,0.3304121196269989,0.277649462223053,0.3739508092403412
102B4CAA,0.3564838469028473,0.34628650546073914,0.3350954055786133,0.3801186680793762
261BFD5C,0.2858159840106964,0.411376416683197,0.3508552610874176,0.4191547632217407
3AF4CE60,0.4053804874420166,0.5399579405784607,0.277290403842926,0.3401365876197815
57D8EFF7,0.3584103286266327,0.4911344647407532,0.2399214804172516,0.33546170592308044
3B08CDB1,0.4119825065135956,0.5745338797569275,0.27821382880210876,0.36381369829177856
FA78C187,0.4152609705924988,0.5073075890541077,0.2507282793521881,0.3934684693813324
D9D51468,0.41844379901885986,0.4383612871170044,0.20151415467262268,0.28190261125564575
D9295E38,0.44038158655166626,0.48608702421188354,0.1864621937274933,0.29401087760925293
C6B23110,0.4363435208797455,0.5125710964202881,0.2048926204442978,0.3402223289012909
003B27CF,0.41460174322128296,0.5688323378562927,0.2793204188346863,0.3632020652294159
63935E8D,0.42023903131484985,0.4827476143836975,0.21621572971343994,0.34955745935440063
CF0370A6,0.40530192852020264,0.3662557303905487,0.30568936467170715,0.41873496770858765
9431AB66,0.31590917706489563,0.3692385256290436,0.3916974663734436,0.4918820858001709
B7B1560F,0.47513675689697266,0.4276479184627533,0.2738555669784546,0.3540605306625366
15C8CD20,0.44765704870224,0.5871662497520447,0.25099092721939087,0.33081409335136414
A078B0EE,0.48342081904411316,0.4906775653362274,0.22071385383605957,0.30630987882614136
81CE26B9,0.46388936042785645,0.3985571563243866,0.2731550931930542,0.4037420451641083
A869E15C,0.4260670840740204,0.3774258494377136,0.2996656000614166,0.4729134142398834
C59215A7,0.3799428641796112,0.5012050867080688,0.2713392376899719,0.37767738103866577
DD4463FC,0.4568290710449219,0.5850611329078674,0.2453109472990036,0.3309403359889984
901976FF,0.4346504807472229,0.4651437997817993,0.213134303689003,0.291450172662735
5A63FD0E,0.3671293556690216,0.5555271506309509,0.29274293780326843,0.3709605932235718
3EABDB36,0.470068097114563,0.5461098551750183,0.2290823757648468,0.31713801622390747
5D02A4E6,0.4282975196838379,0.26451605558395386,0.344849169254303,0.38949310779571533
D883CF8F,0.4747471809387207,0.5187232494354248,0.1849171221256256,0.26333922147750854
53FAC2BB,0.4419727325439453,0.48851609230041504,0.1958938091993332,0.3110389709472656
2302940F,0.42636406421661377,0.5355870127677917,0.23821651935577393,0.30942389369010925
305757A8,0.47360819578170776,0.47300440073013306,0.27656546235084534,0.32831239700317383
EE1C1BE1,0.34669044613838196,0.2519577741622925,0.28526461124420166,0.33122339844703674
A0B89ABF,0.4300304055213928,0.47154614329338074,0.20328818261623383,0.28336745500564575
D7BAF558,0.4678690731525421,0.4260261654853821,0.20468299090862274,0.3209323585033417
98A4B666,0.4564551115036011,0.5085574388504028,0.2779256999492645,0.3513091504573822
3F66FC65,0.5322341322898865,0.4089609980583191,0.2657868266105652,0.3563210368156433
874669EC,0.3831567168235779,0.539430558681488,0.27605071663856506,0.36787092685699463
3EF16ACA,0.4049433171749115,0.4299664795398712,0.24735413491725922,0.3194751441478729
FA59EEE2,0.47047072649002075,0.5217044353485107,0.1877879798412323,0.2654823958873749
0A0ADA58,0.3272213339805603,0.3316930830478668,0.37220054864883423,0.45068204402923584
A9B294AB,0.43323031067848206,0.5880191326141357,0.24014805257320404,0.33238860964775085
4BF554FD,0.3146490454673767,0.2777899205684662,0.4844588339328766,0.5707435011863708
2C31F3A0,0.45100459456443787,0.37469157576560974,0.22580945491790771,0.35751020908355713
7D4EEEC0,0.3120042681694031,0.4301915168762207,0.37614110112190247,0.462115615606308
60DDF5E7,0.48587194085121155,0.5407088994979858,0.2658633589744568,0.33280736207962036
78ACE9DA,0.45558497309684753,0.5669081807136536,0.26112663745880127,0.3394050896167755
447B37DE,0.3891718089580536,0.41358494758605957,0.36641737818717957,0.43574222922325134
8AC80DF4,0.47333672642707825,0.5542414784431458,0.21289126574993134,0.28644508123397827
933F859F,0.35701850056648254,0.4187288284301758,0.3138211667537689,0.48221099376678467
58AE1466,0.4453312158584595,0.4847860634326935,0.20620234310626984,0.33328455686569214
5BB9D8A4,0.39113572239875793,0.4659750759601593,0.23915641009807587,0.368712842464447
BF520C3D,0.341610848903656,0.2478843629360199,0.521021842956543,0.5940885543823242
6206899E,0.3032081127166748,0.34200912714004517,0.43852660059928894,0.5260834097862244
558036F6,0.411935955286026,0.45926159620285034,0.2509021759033203,0.30206525325775146
00D2330B,0.4016663134098053,0.4740248918533325,0.27038535475730896,0.40631434321403503
4BBFA623,0.49198466539382935,0.496753990650177,0.21979527175426483,0.30876508355140686
4A15F40F,0.3341920077800751,0.36964210867881775,0.23317554593086243,0.2746756672859192
EFFFE80F,0.47706499695777893,0.49260199069976807,0.194424569606781,0.29606908559799194
BF745478,0.3222973048686981,0.42806926369667053,0.36158087849617004,0.4625128209590912
451E5AAB,0.3928496539592743,0.20304231345653534,0.3895735740661621,0.3892011344432831
94ACB84D,0.41285136342048645,0.4114103615283966,0.25242331624031067,0.3078760504722595
52193763,0.3303026258945465,0.3242378234863281,0.41184625029563904,0.4991919994354248
7B78E337,0.35566917061805725,0.3179769217967987,0.34382951259613037,0.47915714979171753
044AA7A8,0.38794592022895813,0.5468992590904236,0.30885282158851624,0.37725964188575745
928C8BE0,0.4095209836959839,0.39366450905799866,0.2695363759994507,0.4227486252784729
5BE831AD,0.4271165430545807,0.4697473347187042,0.19887402653694153,0.30050602555274963
1F33F1F4,0.38960444927215576,0.5541513562202454,0.26049065589904785,0.33276429772377014
4C116A0F,0.4614775478839874,0.5605188012123108,0.231699600815773,0.32193559408187866
7077D642,0.46963387727737427,0.4747817814350128,0.1995864063501358,0.30463075637817383
A0D50B82,0.3533632755279541,0.36874979734420776,0.24626454710960388,0.33454763889312744
4AABEB59,0.44562408328056335,0.4374214708805084,0.21571068465709686,0.3507893681526184
293F4108,0.49698784947395325,0.33258435130119324,0.2844895124435425,0.3737652897834778
6EED856E,0.3920794427394867,0.4803122878074646,0.31394219398498535,0.38427624106407166
B42615F1,0.4853147864341736,0.4211864173412323,0.2480594664812088,0.3535950481891632
53FEAF96,0.37524157762527466,0.4351847767829895,0.29829972982406616,0.47221729159355164
CF944985,0.5389791131019592,0.2853693664073944,0.367743581533432,0.4597856402397156
DEC0B907,0.43170446157455444,0.5218450427055359,0.25715500116348267,0.33854976296424866
F3C3F00F,0.4288109838962555,0.24052293598651886,0.43253928422927856,0.46722686290740967
8445F765,0.34019386768341064,0.44447994232177734,0.29983019828796387,0.4227044880390167
9912F421,0.4839615523815155,0.4882577657699585,0.20196308195590973,0.28862306475639343
F882D454,0.365255743265152,0.3720988929271698,0.2858506739139557,0.3272077739238739
261D6D22,0.45116227865219116,0.5068749189376831,0.28800469636917114,0.3650740087032318
98D7E09C,0.44807010889053345,0.5843676924705505,0.2500755190849304,0.333087295293808
0698DA77,0.43302401900291443,0.5276744961738586,0.29024311900138855,0.39039286971092224
B039AC45,0.34314870834350586,0.5099236369132996,0.317988783121109,0.3744623363018036
B5D8DCD7,0.37073490023612976,0.4753780663013458,0.31988492608070374,0.41863691806793213
96B64C97,0.40571534633636475,0.5797560811042786,0.268648624420166,0.3618486225605011
CC38D318,0.4029427170753479,0.27872470021247864,0.27147525548934937,0.3212054371833801
3D6EC5C8,0.4602416753768921,0.5383196473121643,0.21201612055301666,0.28933456540107727
0FB88B75,0.36181017756462097,0.4659588038921356,0.280324250459671,0.41360098123550415
8E0F1E47,0.3281329274177551,0.34098270535469055,0.467417448759079,0.5371360182762146
BD3273BF,0.39215463399887085,0.393759548664093,0.31415680050849915,0.4499833583831787
5018DBF4,0.4031130373477936,0.44919538497924805,0.24969516694545746,0.3928941786289215
21CF1373,0.4280702769756317,0.32699933648109436,0.3011931777000427,0.32235395908355713
FEB02FBE,0.33523133397102356,0.41547366976737976,0.28973886370658875,0.33996838331222534
E71EF549,0.4375937283039093,0.44886836409568787,0.29942119121551514,0.3768104612827301
6DE171C8,0.33962827920913696,0.5280471444129944,0.30832234025001526,0.36368733644485474
B2485703,0.45844587683677673,0.5075384974479675,0.20983381569385529,0.2864741086959839
97C811ED,0.30262890458106995,0.3667403757572174,0.37596750259399414,0.4480305314064026
05C3B07A,0.35030096769332886,0.43940261006355286,0.34479787945747375,0.4238694906234741
F94F600C,0.48917073011398315,0.4315859377384186,0.21727974712848663,0.3278375267982483
81CE5229,0.4421969950199127,0.5513455867767334,0.254493772983551,0.3455941379070282
BFC0CE96,0.46390682458877563,0.5177273750305176,0.18318681418895721,0.2805064916610718
68B485C3,0.40670162439346313,0.5589402914047241,0.2732977569103241,0.35707905888557434
383FC686,0.440609335899353,0.5781643390655518,0.2607004642486572,0.3452604413032532
CCC58426,0.3852563798427582,0.47608351707458496,0.2525898814201355,0.37573203444480896
9F5045D2,0.38421761989593506,0.2969426214694977,0.32998818159103394,0.4397624135017395
1B3CDCDF,0.48912960290908813,0.5469700694084167,0.268888920545578,0.3377280533313751
736EDDD5,0.42496559023857117,0.5950585603713989,0.24774228036403656,0.34632396697998047
4915A329,0.33539196848869324,0.3969839811325073,0.3932211399078369,0.4713636338710785
27BB17CB,0.5212515592575073,0.5013561844825745,0.2836703360080719,0.3493700921535492
F32E8C2C,0.47544312477111816,0.3244495391845703,0.3145020306110382,0.38922107219696045
90B25E25,0.4559949040412903,0.511867880821228,0.18441183865070343,0.28631916642189026
85AD507D,0.37227678298950195,0.24179598689079285,0.47703972458839417,0.5523436665534973
3107F6C8,0.37069302797317505,0.43642011284828186,0.33932799100875854,0.44552960991859436
C8B64404,0.46568921208381653,0.5734034776687622,0.25945302844047546,0.33532288670539856
9C384598,0.4188719093799591,0.5249112844467163,0.2368163764476776,0.3363422751426697
6DD8E3DE,0.35280513763427734,0.44353726506233215,0.2985342741012573,0.4113454818725586
978381D9,0.36612367630004883,0.4566341042518616,0.284076452255249,0.3482339084148407
3DDC169F,0.4312724471092224,0.503301203250885,0.19132870435714722,0.31288400292396545
8EFEF842,0.3832084536552429,0.24864116311073303,0.2990211546421051,0.3254643380641937
34832B98,0.33814001083374023,0.4344378709793091,0.3156219720840454,0.372529000043869
CD3D98E5,0.4978969097137451,0.5055546760559082,0.20510195195674896,0.2829328179359436
08E665D7,0.43740782141685486,0.4930761456489563,0.22688214480876923,0.35760968923568726
1E9E94E9,0.5244022607803345,0.33297234773635864,0.26789146661758423,0.3710532784461975
AABDCA94,0.31234315037727356,0.32006895542144775,0.4795224368572235,0.5557359457015991
AADE75CB,0.3750178813934326,0.46335235238075256,0.27064254879951477,0.40670570731163025
08C8E445,0.3546251654624939,0.371319442987442,0.45808887481689453,0.5252408981323242
72A118D0,0.5300253629684448,0.37211453914642334,0.25047874450683594,0.3475878834724426
F46313D3,0.4435528516769409,0.27134278416633606,0.3905647099018097,0.4564104676246643
94DD5337,0.3699037730693817,0.47774893045425415,0.2827640473842621,0.35160383582115173
90861BD2,0.46094584465026855,0.31217965483665466,0.27735579013824463,0.3291093707084656
17E86C77,0.4948151409626007,0.5028892159461975,0.21346348524093628,0.28068605065345764
6226584D,0.33021223545074463,0.34565937519073486,0.34670490026474,0.420093297958374
A6503EE8,0.4092467427253723,0.5022687315940857,0.2552007734775543,0.31627514958381653
29785033,0.4288605749607086,0.5031648278236389,0.2763945758342743,0.45201772451400757
ED90878F,0.3674313426017761,0.4247370660305023,0.3435591459274292,0.37406906485557556
18A4725E,0.4175367057323456,0.4303959310054779,0.3389112949371338,0.39469829201698303
9C56AC8C,0.4685862064361572,0.4686991274356842,0.3029261827468872,0.36051735281944275
7AAB9CCC,0.41971278190612793,0.4121096134185791,0.21937979757785797,0.35867077112197876
78C06885,0.5101153254508972,0.47825193405151367,0.2532549500465393,0.324887216091156
B545FC68,0.4460606575012207,0.4590930938720703,0.23511764407157898,0.36940616369247437
E1D2DA9F,0.3073013126850128,0.4830540120601654,0.32916319370269775,0.3979605734348297
ED7C80BB,0.4164588451385498,0.39058592915534973,0.25129279494285583,0.2986147999763489
899B6B9D,0.425260990858078,0.20878925919532776,0.38819724321365356,0.3809163570404053
E8320067,0.4628812074661255,0.49772703647613525,0.24715584516525269,0.3481927514076233
896C3367,0.3886861205101013,0.5634890198707581,0.2643355429172516,0.35558679699897766
200F27AC,0.3899027407169342,0.5511361956596375,0.2953338027000427,0.3745039999485016
91D49144,0.3671782314777374,0.3326231837272644,0.2845917046070099,0.33683350682258606
846134F3,0.44701144099235535,0.5239039063453674,0.2320767194032669,0.35649940371513367
D932962E,0.3550889790058136,0.2287846952676773,0.31289318203926086,0.3288240134716034
433F9EDA,0.37270334362983704,0.3408470153808594,0.3183412253856659,0.4306643307209015
4CBFE052,0.3514178395271301,0.32944929599761963,0.33865684270858765,0.4854694902896881
9B6ADE47,0.4295463562011719,0.45306798815727234,0.23834127187728882,0.3448728919029236
D9C365EF,0.41666102409362793,0.3356509208679199,0.22590412199497223,0.3025643527507782
C2D02E9B,0.41251617670059204,0.47799980640411377,0.22410354018211365,0.3736526370048523
7C6977E8,0.400622695684433,0.48550477623939514,0.275956928730011,0.42315158247947693
A15F1C40,0.48622971773147583,0.48102685809135437,0.21709513664245605,0.29587987065315247
28C5A728,0.4436153173446655,0.39109399914741516,0.2430230677127838,0.3954405188560486
0375AA8B,0.45544373989105225,0.3877689242362976,0.2462223470211029,0.3612297773361206
86D3C289,0.3127304017543793,0.3876175880432129,0.2618807256221771,0.31488263607025146
C480414F,0.48196008801460266,0.3899385333061218,0.23109960556030273,0.3523707985877991
2CF5B603,0.3894560635089874,0.4961458742618561,0.23997297883033752,0.38438963890075684
1D07E530,0.46413126587867737,0.4341544508934021,0.23334017395973206,0.36030444502830505
875C064F,0.4577280580997467,0.4876601994037628,0.24554388225078583,0.3014512062072754
187D768F,0.48758435249328613,0.5484306812286377,0.2630746364593506,0.33276280760765076
0E1C8C38,0.45059701800346375,0.4964770972728729,0.1844426989555359,0.2929830551147461
C63812CD,0.4480220377445221,0.49439483880996704,0.23465992510318756,0.3347124755382538
8FD27484,0.37033554911613464,0.5239186882972717,0.28665098547935486,0.3903627395629883
8F6F894A,0.35954248905181885,0.4998393654823303,0.30810070037841797,0.37982359528541565
7F0A3567,0.42678216099739075,0.42068058252334595,0.20346936583518982,0.331047385931015
BDF8D43A,0.4346478581428528,0.4402030110359192,0.22756165266036987,0.38071703910827637
36FB049C,0.4090145528316498,0.3978830873966217,0.2676059305667877,0.406468003988266
43172D72,0.39407774806022644,0.4036460518836975,0.4204782247543335,0.4831514060497284
CA49AC74,0.39448004961013794,0.4131595492362976,0.37780410051345825,0.42512571811676025
66840CCC,0.4483921229839325,0.5622342228889465,0.2526482343673706,0.3319285809993744
745B68A6,0.4023347795009613,0.4793541729450226,0.20477326214313507,0.319720596075058
A91316FD,0.4385475218296051,0.5097832679748535,0.29493582248687744,0.37924522161483765
2D69831D,0.3989167809486389,0.5032884478569031,0.23964545130729675,0.36405301094055176
0A5075A6,0.4384729266166687,0.5011480450630188,0.19262883067131042,0.31294938921928406
1EE3CEAB,0.3663973808288574,0.3829073905944824,0.2464909553527832,0.3021186590194702
5FAFA97B,0.4203331768512726,0.5576006174087524,0.2265229970216751,0.3243255615234375
2A24B9AE,0.5357905030250549,0.45879873633384705,0.3039626181125641,0.35438022017478943
4863D911,0.34274062514305115,0.3677367568016052,0.3168450891971588,0.43912428617477417
E8F06072,0.4830301105976105,0.5393937826156616,0.21173095703125,0.27933064103126526
75C730F9,0.3274208903312683,0.45961615443229675,0.29446107149124146,0.3986463248729706
3A04887A,0.4167945086956024,0.4714754521846771,0.26195013523101807,0.4138453006744385
013999E4,0.3795148432254791,0.28041231632232666,0.4101947844028473,0.4711794853210449
BF73D855,0.41373512148857117,0.5668365359306335,0.2890959680080414,0.36700916290283203
E8BC806C,0.3287303149700165,0.40396353602409363,0.24049483239650726,0.2965821623802185
4B5D2917,0.4550132155418396,0.5088594555854797,0.20892587304115295,0.2893229126930237
8DB19DE8,0.5093473792076111,0.5022228360176086,0.2210489809513092,0.2839866876602173
C92B26AF,0.36433520913124084,0.4526883363723755,0.2989453971385956,0.3766096532344818
D64AB456,0.4739534258842468,0.5478120446205139,0.2274719774723053,0.30205175280570984
933ED341,0.47505658864974976,0.5120314955711365,0.18610885739326477,0.2678600251674652
53DBD9AD,0.3771931529045105,0.465407133102417,0.31231924891471863,0.4461115300655365
F23479AC,0.3187088072299957,0.4065314829349518,0.3624456822872162,0.4363553524017334
15B0C9BA,0.3843557834625244,0.4955114722251892,0.25960347056388855,0.3859361708164215
C6764F86,0.45453327894210815,0.5913950204849243,0.2447715848684311,0.32984858751296997
807C2B90,0.3759014308452606,0.551499605178833,0.2448187917470932,0.35512247681617737
F5B0AB72,0.4364472031593323,0.5239183306694031,0.22151340544223785,0.33776089549064636
5721F61E,0.36029762029647827,0.44610682129859924,0.27081218361854553,0.32322055101394653
E92F8A62,0.3363337516784668,0.3972412943840027,0.3639947175979614,0.44652965664863586
CFB9DB9D,0.42423948645591736,0.5366690754890442,0.2545009255409241,0.3556040823459625
8F2EBF0F,0.4570193290710449,0.4609544277191162,0.2513127028942108,0.40111085772514343
A41F9BDB,0.37343156337738037,0.5100752115249634,0.3340245187282562,0.39577433466911316
A2504759,0.4201735258102417,0.4566711485385895,0.24310633540153503,0.301179975271225
E88D5FA0,0.5119143724441528,0.3057429790496826,0.3126240670681,0.3809603452682495
D93C47B5,0.4188341796398163,0.4889073073863983,0.23165982961654663,0.3643570840358734
2DF693B3,0.38111716508865356,0.21392212808132172,0.34854215383529663,0.3419986367225647
3C503B27,0.2886158525943756,0.4154875874519348,0.33733195066452026,0.42194026708602905
FE00066C,0.44922468066215515,0.5789903402328491,0.24851173162460327,0.32505834102630615
C2ADBE12,0.3923516273498535,0.49126267433166504,0.2719336152076721,0.4061153531074524
827A3490,0.40981900691986084,0.5636165738105774,0.2846030294895172,0.36382701992988586
95811221,0.36930394172668457,0.4839304983615875,0.2740756571292877,0.3842839300632477
B8286860,0.42810481786727905,0.4002915918827057,0.22611726820468903,0.3570769727230072
0641B435,0.4395899176597595,0.5359234809875488,0.19557440280914307,0.29438135027885437
B42ECD0F,0.400883287191391,0.21268241107463837,0.3608136773109436,0.3487298786640167
B92AE8B2,0.3782332241535187,0.4021950960159302,0.2701253890991211,0.3163245618343353
A64941A2,0.46788665652275085,0.5447095632553101,0.20936338603496552,0.2829231023788452
16A6F770,0.3084941804409027,0.32341912388801575,0.44848668575286865,0.5231558084487915
CFDDCFAE,0.2677594721317291,0.34232935309410095,0.4040995240211487,0.523181140422821
5178E42F,0.4820159375667572,0.5102480053901672,0.21268436312675476,0.28831106424331665
C6E390ED,0.4083622992038727,0.23709754645824432,0.4574984908103943,0.5093304514884949
A005FDAF,0.35787326097488403,0.44927728176116943,0.2817893624305725,0.4494270384311676
17F6EBC0,0.4449549615383148,0.5926086902618408,0.24763266742229462,0.33562129735946655
EDECAB6E,0.4140962064266205,0.5421443581581116,0.22658976912498474,0.34843236207962036
78D30FDD,0.45536720752716064,0.5682646632194519,0.2518449127674103,0.3325299620628357
4D8262AC,0.429133802652359,0.3787177801132202,0.32760000228881836,0.455832839012146
016117B7,0.4482024013996124,0.360758513212204,0.3511817753314972,0.4616278111934662
2B9EE9A5,0.4811844527721405,0.4208655059337616,0.23542974889278412,0.3452107608318329
3C8EEA70,0.40599748492240906,0.330939918756485,0.36031460762023926,0.4623294472694397
16DC3EEC,0.3375801146030426,0.3285640776157379,0.4574959874153137,0.5408546924591064
8498E2BE,0.43170487880706787,0.5852746367454529,0.26751869916915894,0.3522646129131317
331BB897,0.44968530535697937,0.5611181259155273,0.2433711737394333,0.3266204297542572
50F03E04,0.4542473256587982,0.493711918592453,0.20090587437152863,0.30328530073165894
CF18869B,0.38772037625312805,0.5433763861656189,0.304370254278183,0.3716896176338196
9CC29F3D,0.37375253438949585,0.25180768966674805,0.4870709180831909,0.5399810075759888
CDE4A1E3,0.3516109883785248,0.2620576024055481,0.5116053223609924,0.5905547142028809
E0545AD0,0.427047997713089,0.5456024408340454,0.2884318232536316,0.3594823479652405
99DB2AD9,0.39528587460517883,0.5578200221061707,0.2649449408054352,0.3342331051826477
DEA63D2E,0.34829476475715637,0.5190833210945129,0.3101487159729004,0.3642500936985016
75850123,0.34082409739494324,0.34947919845581055,0.3307369351387024,0.4649203419685364
57B39A9D,0.40277841687202454,0.42367005348205566,0.28773233294487,0.3506506383419037
93E4E4CD,0.33184459805488586,0.4477914571762085,0.36284056305885315,0.3809531331062317
8D3AD910,0.3959536850452423,0.5478558540344238,0.23283015191555023,0.35033637285232544
888F7FF4,0.3816044330596924,0.5216403007507324,0.2859857678413391,0.3811890482902527
2DE9B5C0,0.3870212137699127,0.4895764887332916,0.2467445731163025,0.30294111371040344
A3EEE0EB,0.4356186091899872,0.5268462896347046,0.24216465651988983,0.3469786047935486
4EFBBC6B,0.3284846246242523,0.260402113199234,0.5295056104660034,0.6097962856292725
BA5CBF2B,0.3364938795566559,0.5022931098937988,0.3450598418712616,0.41626736521720886
ADCA8A1D,0.4249734878540039,0.5767019391059875,0.2547956109046936,0.34100341796875
60E1C18A,0.47131893038749695,0.40171846747398376,0.2342020571231842,0.3649085760116577
C8C695BD,0.462849885225296,0.5594549179077148,0.23798030614852905,0.3121274709701538
7C1D57EB,0.4423884153366089,0.5460807085037231,0.20465406775474548,0.3104100525379181
39E49293,0.4705313742160797,0.5011948347091675,0.27330511808395386,0.3431820571422577
DF26FFAE,0.3841916620731354,0.45578351616859436,0.3661915063858032,0.45131751894950867
AF3652CD,0.46703040599823,0.5623152852058411,0.23619063198566437,0.3225601613521576
162535E0,0.35197627544403076,0.4223177433013916,0.3186383545398712,0.4126119017601013
91CE5055,0.47796308994293213,0.5155240893363953,0.1887342482805252,0.27359554171562195
F43CA434,0.36556312441825867,0.5151854753494263,0.2865380048751831,0.3569090664386749
C1758763,0.48706814646720886,0.5025214552879333,0.23052841424942017,0.31057021021842957
AA39E182,0.5192040205001831,0.44217193126678467,0.23758824169635773,0.3299473226070404
3A80F344,0.43574070930480957,0.49202874302864075,0.1955530047416687,0.3083270490169525
A94BA02F,0.3460383117198944,0.38093143701553345,0.2630447447299957,0.362314909696579
3774E27D,0.3925531506538391,0.2930072546005249,0.4541694223880768,0.5414189100265503
9A27639C,0.3768079876899719,0.4840570390224457,0.2677380442619324,0.402553915977478
924C745C,0.37466010451316833,0.3816155791282654,0.30685415863990784,0.4163071811199188
123D7BB3,0.4213646650314331,0.42430704832077026,0.2298121303319931,0.3620055913925171
7E235EAB,0.37056195735931396,0.4457704424858093,0.2587907016277313,0.33152690529823303
8B657522,0.3891676068305969,0.4212466776371002,0.24551427364349365,0.36269471049308777
203AED9F,0.4611629843711853,0.4885019361972809,0.19977906346321106,0.28320977091789246
5EA1552D,0.4347273111343384,0.26386186480522156,0.34468838572502136,0.3609061539173126
1A431493,0.3041956126689911,0.30722472071647644,0.4278644621372223,0.5075417757034302
678A0DB3,0.3962201476097107,0.40672576427459717,0.24632807075977325,0.3884248435497284
481A4C59,0.3973916471004486,0.36103636026382446,0.3408752679824829,0.4635354280471802
EDF475A4,0.3857778310775757,0.4722069799900055,0.3267631530761719,0.4007141590118408
FD8C7552,0.419223815202713,0.5351282358169556,0.23747707903385162,0.32495832443237305
FF06175B,0.3511686325073242,0.32944726943969727,0.34606480598449707,0.47669166326522827
5A9C8DCF,0.4174315631389618,0.5700206160545349,0.2874597907066345,0.3770245611667633
75DF976A,0.4365755021572113,0.48186320066452026,0.30798888206481934,0.3723307251930237
3DCCEEB7,0.42458149790763855,0.42782434821128845,0.37759527564048767,0.4380200505256653
7BA4B9CB,0.42714107036590576,0.5807839035987854,0.25105857849121094,0.3364202082157135
92CDC2FD,0.33450451493263245,0.3507483899593353,0.33012649416923523,0.4729354977607727
EB7B79CC,0.36131566762924194,0.4698732793331146,0.3462769687175751,0.3999844491481781
9D668D45,0.4148397445678711,0.4616774916648865,0.2549816071987152,0.34600070118904114
458D398C,0.36948567628860474,0.5244746208190918,0.25583773851394653,0.40346482396125793
6F99D028,0.4058055579662323,0.20417706668376923,0.3931525647640228,0.39062631130218506
810DE043,0.41034603118896484,0.4813706874847412,0.26761260628700256,0.32399943470954895
A8934ACC,0.3840113580226898,0.4886873662471771,0.2636882960796356,0.3854425251483917
D4AB371E,0.3854577839374542,0.5509945750236511,0.2737341821193695,0.3909178674221039
72DB0A23,0.337386816740036,0.36971014738082886,0.379342257976532,0.444977343082428
3B76E5E3,0.4210110306739807,0.5340370535850525,0.21299736201763153,0.3482247591018677
7566A78E,0.4116671681404114,0.3826338052749634,0.24107588827610016,0.35090145468711853
BCD586EB,0.45146942138671875,0.5501487851142883,0.2286261022090912,0.31967681646347046
E13AD7D3,0.3311980664730072,0.4917939305305481,0.3598553538322449,0.41040417551994324
AD18625B,0.2968912124633789,0.4135645627975464,0.37638720870018005,0.46967563033103943
FEB5B3A0,0.4171101450920105,0.47919580340385437,0.24721622467041016,0.38209477066993713
3F0C134C,0.3757500946521759,0.3771757185459137,0.24726364016532898,0.32803693413734436
95C64743,0.37421008944511414,0.41321128606796265,0.30537036061286926,0.39289018511772156
6257B821,0.3814324736595154,0.21758966147899628,0.34275394678115845,0.34514278173446655
37F652AE,0.41067713499069214,0.4949074387550354,0.21539533138275146,0.3098081052303314
50443A61,0.4534999430179596,0.5235069990158081,0.29777899384498596,0.39154306054115295
26A34A9C,0.4478083848953247,0.577006459236145,0.23964761197566986,0.31916171312332153
2D51B43B,0.4280337989330292,0.5279671549797058,0.1970667690038681,0.30376189947128296
41757A1A,0.4019804298877716,0.31660839915275574,0.24920496344566345,0.3196924924850464
01C8BEA0,0.405398964881897,0.5412604212760925,0.24553793668746948,0.33794456720352173
7749880F,0.40790021419525146,0.4658730924129486,0.23865555226802826,0.4009830057621002
E6B63467,0.41994550824165344,0.5272488594055176,0.23282276093959808,0.3505789339542389
6404737D,0.5142185091972351,0.5065307021141052,0.22118711471557617,0.27785682678222656
38F85274,0.4834549129009247,0.5490316152572632,0.23420670628547668,0.3187672197818756
5B28C326,0.4850522577762604,0.23534128069877625,0.43507063388824463,0.47046777606010437
37ABCFD7,0.4230457544326782,0.4390297830104828,0.24218560755252838,0.3577647805213928
38B678B7,0.4934791028499603,0.5362818241119385,0.20915906131267548,0.2713890075683594
A504E106,0.45930927991867065,0.554299533367157,0.24835260212421417,0.33810484409332275
5A374E30,0.39591699838638306,0.5521219968795776,0.29258498549461365,0.3663192391395569
979BA305,0.46948376297950745,0.5397442579269409,0.21819114685058594,0.28321942687034607
05116E1E,0.5063667893409729,0.48877665400505066,0.226772278547287,0.30261436104774475
BB2A8043,0.4049467146396637,0.46244126558303833,0.255904883146286,0.409994900226593
6DD3ADD5,0.4067082405090332,0.4111957848072052,0.2552148401737213,0.3274998366832733
8EE9A1F6,0.4655415415763855,0.4737870395183563,0.21433378756046295,0.310115784406662
8CD48796,0.3932080566883087,0.4951156675815582,0.3070840835571289,0.390331506729126
AF66193A,0.3712293207645416,0.41500747203826904,0.34001806378364563,0.48729369044303894
06493841,0.4054776728153229,0.4852469563484192,0.22297365963459015,0.3369177281856537
D3BAE027,0.41479751467704773,0.45497989654541016,0.2145773470401764,0.3450091779232025
FB03C6EC,0.4357396066188812,0.4768539071083069,0.31733959913253784,0.395629346370697
1B395B9A,0.439049631357193,0.5123321413993835,0.27679866552352905,0.353001207113266
502CF07D,0.43167316913604736,0.580156683921814,0.2659844756126404,0.35642603039741516
5BBABE3D,0.3960922360420227,0.4470527172088623,0.22074903547763824,0.3050943911075592
339A38E2,0.33548790216445923,0.4048413634300232,0.29330775141716003,0.3415262699127197
26C328A6,0.45801544189453125,0.5650156736373901,0.21904747188091278,0.3040318787097931
1C45EE64,0.31365934014320374,0.4538721740245819,0.375038743019104,0.4413437843322754
776FB83F,0.42094698548316956,0.574487566947937,0.2602468729019165,0.34647801518440247
E8741DDA,0.5233591198921204,0.4474926292896271,0.2574416399002075,0.335114985704422
E02B5FE8,0.35445430874824524,0.4327651560306549,0.4003291428089142,0.475395143032074
F8B885AF,0.45026862621307373,0.5147300958633423,0.20016443729400635,0.31367000937461853
88FC3BC4,0.4780856668949127,0.5290923714637756,0.2844429612159729,0.3606274127960205
ED100406,0.34278637170791626,0.4744781255722046,0.3386188745498657,0.3954358994960785
3400B7F4,0.3187830150127411,0.4037768542766571,0.2876477539539337,0.33843275904655457
48CD988B,0.4324721097946167,0.39070838689804077,0.2930021286010742,0.41930830478668213
2984C3D4,0.43801000714302063,0.5368165373802185,0.274330735206604,0.3777180314064026
124D4882,0.45434707403182983,0.5062054991722107,0.24470001459121704,0.34572774171829224
F441D31B,0.502701997756958,0.4141848385334015,0.23986053466796875,0.341698557138443
4C1CD725,0.4170352816581726,0.4549754559993744,0.2321186363697052,0.36019366979599
1CECDB07,0.4726133346557617,0.39745715260505676,0.23886431753635406,0.37095680832862854
7A4F060A,0.4475681185722351,0.5505321621894836,0.22605465352535248,0.3004518151283264
42C5146C,0.3649342656135559,0.4232674837112427,0.2734333574771881,0.41496706008911133
C9428B86,0.3579718768596649,0.48580068349838257,0.320599228143692,0.3755960166454315
918E18F8,0.43269455432891846,0.5477682948112488,0.2381855696439743,0.3140597343444824
DA6A2C27,0.33450037240982056,0.4373314678668976,0.3431648910045624,0.44065600633621216
2F89E39A,0.5376487374305725,0.3235248923301697,0.29969748854637146,0.4003724753856659
BDAEA3E3,0.48221951723098755,0.5250582098960876,0.2834216058254242,0.35021770000457764
B2EDC52B,0.462240070104599,0.5346716046333313,0.1953255534172058,0.28482484817504883
990A5D79,0.42777055501937866,0.5456883907318115,0.2321992963552475,0.33420923352241516
E8DC4D6A,0.4083053171634674,0.5294802784919739,0.28281083703041077,0.3856942057609558
83B8F99D,0.3022693693637848,0.3319118320941925,0.3872963488101959,0.4882076382637024
BCAEE9AD,0.3108774721622467,0.38113075494766235,0.4444156289100647,0.5427135229110718
8F46E061,0.3040529191493988,0.2976400852203369,0.39459776878356934,0.4850667119026184
F094DA63,0.38377824425697327,0.42671796679496765,0.2609058618545532,0.4085870683193207
D9D03972,0.3019373118877411,0.3123933970928192,0.44762152433395386,0.5325614809989929
0B24FE21,0.39044296741485596,0.43416279554367065,0.22528916597366333,0.30868032574653625
75A6B048,0.3453388810157776,0.4788828492164612,0.3313254714012146,0.3964555561542511
C34BE0FD,0.35176870226860046,0.3100247085094452,0.4155126214027405,0.51014643907547
42C0786A,0.45012167096138,0.5556867122650146,0.21930499374866486,0.30170854926109314
54792145,0.36962348222732544,0.31264936923980713,0.4156767427921295,0.5139121413230896
9B84D8B9,0.4485831558704376,0.5253725647926331,0.188636913895607,0.2944042980670929
56D19D87,0.34775352478027344,0.3730906546115875,0.4286651313304901,0.4748937785625458
D6919A2A,0.37261325120925903,0.519179105758667,0.2868283689022064,0.36018693447113037
C9138871,0.3843226134777069,0.5590535998344421,0.2741740643978119,0.34888511896133423
64D802AD,0.3720373213291168,0.5220637917518616,0.29168856143951416,0.3761149048805237
A209E2F6,0.42924705147743225,0.3292761445045471,0.2515169382095337,0.3099289536476135
0B4929A8,0.42294877767562866,0.5310030579566956,0.2617054283618927,0.37639445066452026
D571026D,0.3701446056365967,0.49886223673820496,0.3348655700683594,0.3887248635292053
3442460E,0.44047385454177856,0.5182543396949768,0.2725532054901123,0.371977835893631
446B852B,0.44503381848335266,0.49684205651283264,0.19887246191501617,0.3268899619579315
BB6ADC65,0.4613584876060486,0.56807941198349,0.23394596576690674,0.30617964267730713
B7C7E892,0.44814348220825195,0.48895466327667236,0.22591546177864075,0.3118431270122528
BA75D17B,0.2619803249835968,0.41022711992263794,0.35530319809913635,0.4378910958766937
280C520B,0.4490921199321747,0.4930444061756134,0.19625243544578552,0.31358814239501953
CC46FA58,0.4563820958137512,0.425325483083725,0.2579869031906128,0.3637021481990814
9F0DE5FD,0.29700201749801636,0.4690169394016266,0.32753846049308777,0.37836602330207825
27EDFA41,0.3648587763309479,0.4245392084121704,0.32983216643333435,0.4718351364135742
23D00BDD,0.38148006796836853,0.4498651325702667,0.3005288541316986,0.34404510259628296
82CB3E3A,0.40053591132164,0.5309925675392151,0.2685336768627167,0.3518701493740082
98F28C19,0.4542542099952698,0.5823636054992676,0.26559382677078247,0.3457954227924347
92D823B0,0.4433945417404175,0.47519388794898987,0.19016119837760925,0.28667688369750977
875C19F4,0.37087106704711914,0.3497970998287201,0.43709611892700195,0.5498485565185547
0B2AD637,0.4332020580768585,0.34874019026756287,0.2808817923069,0.41665592789649963
B4982B53,0.30423545837402344,0.37293028831481934,0.3813573122024536,0.44672977924346924
BA9896A0,0.43334758281707764,0.5808798670768738,0.2403114289045334,0.3447316586971283
39F99202,0.4091343581676483,0.5712476968765259,0.2559124529361725,0.33731895685195923
BC1B525D,0.43003275990486145,0.5463043451309204,0.26369690895080566,0.33437830209732056
9D1F841B,0.39320844411849976,0.20117376744747162,0.3988575041294098,0.40346449613571167
58F19C1E,0.4096343517303467,0.5140063166618347,0.21655945479869843,0.32889822125434875
131A387A,0.3522551953792572,0.4361110031604767,0.3065478503704071,0.42014995217323303
DE5F432E,0.44713765382766724,0.5699689984321594,0.24780941009521484,0.32269608974456787
D0D55C30,0.4257328510284424,0.312853068113327,0.4297427535057068,0.45550867915153503
1ABA1736,0.5219234228134155,0.4264620840549469,0.2740238606929779,0.3546612560749054
E486BE92,0.37531182169914246,0.40889275074005127,0.24729305505752563,0.3899160921573639
1484E921,0.3850395083427429,0.5493646860122681,0.27950483560562134,0.3475017249584198
384CCA4C,0.2955487370491028,0.39545193314552307,0.39849215745925903,0.4631703495979309
C83830A0,0.3715398907661438,0.4339143633842468,0.2605586349964142,0.3278234601020813
DF755BD7,0.5487152338027954,0.44237011671066284,0.24971476197242737,0.31849685311317444
9D248BE4,0.45436418056488037,0.512870192527771,0.3044351041316986,0.3597813844680786
407D6F70,0.4149126708507538,0.4457230567932129,0.18778730928897858,0.25547510385513306
E8538C05,0.4140065014362335,0.38550472259521484,0.24829432368278503,0.4072854816913605
080287D3,0.43361517786979675,0.42796915769577026,0.22664454579353333,0.38088491559028625
4C528AA2,0.4431989789009094,0.536483108997345,0.21596628427505493,0.31918424367904663
293852ED,0.326852411031723,0.4422552287578583,0.33916229009628296,0.42292290925979614
20365507,0.4348604083061218,0.46456506848335266,0.2728974521160126,0.3959614336490631
1EEEAF38,0.3712347745895386,0.4860136806964874,0.27834540605545044,0.39720600843429565
10CA4D5F,0.42440760135650635,0.5508533120155334,0.2292241007089615,0.3286505341529846
4085A438,0.5039180517196655,0.3803322911262512,0.2571951448917389,0.35858842730522156
F7245C5F,0.37445250153541565,0.22449885308742523,0.34198251366615295,0.35310783982276917
F8E76836,0.4327479600906372,0.2192074954509735,0.3744480311870575,0.3799525797367096
2D392742,0.5297052264213562,0.3894432783126831,0.32143256068229675,0.4298769235610962
3F9CA5E2,0.369357168674469,0.2952985465526581,0.34291014075279236,0.3991281986236572
D02C15C1,0.3887941837310791,0.3147903084754944,0.30243831872940063,0.4306550920009613
3062CEB7,0.3601246178150177,0.4607304036617279,0.2752462327480316,0.3808883726596832
52EF8628,0.4181305170059204,0.5121147632598877,0.30665087699890137,0.40051963925361633
6167E8B3,0.34935033321380615,0.4269087016582489,0.32201462984085083,0.45059484243392944
46C50897,0.33503443002700806,0.49036869406700134,0.31636694073677063,0.36658862233161926
CDCA31C0,0.2974068224430084,0.3896273970603943,0.36880120635032654,0.45223167538642883
B88CA671,0.4113200008869171,0.5327661037445068,0.27259624004364014,0.3541165590286255
A90F2EC7,0.30568841099739075,0.2717830538749695,0.5460564494132996,0.6290196776390076
0F8696DB,0.5000517964363098,0.5180756449699402,0.21146085858345032,0.27867013216018677
D1AD3D4F,0.4077872037887573,0.22393114864826202,0.3435375988483429,0.34078121185302734
0BC8982B,0.5019736886024475,0.48846474289894104,0.24569851160049438,0.3169378638267517
4222F575,0.39818480610847473,0.4418308138847351,0.30372434854507446,0.47905775904655457
9E45F484,0.46151402592658997,0.56899493932724,0.23087091743946075,0.30625519156455994
A01A955C,0.42546114325523376,0.5110589265823364,0.25674861669540405,0.3149617314338684
C09E25FD,0.45919865369796753,0.5675275921821594,0.27168646454811096,0.3534168004989624
205A9067,0.4157252013683319,0.5600230097770691,0.2523100972175598,0.32682982087135315
05B50F1A,0.26880642771720886,0.41037386655807495,0.32930487394332886,0.4429613947868347
3FE8D9D9,0.46273916959762573,0.5818658471107483,0.25487184524536133,0.3380856513977051
025B967E,0.5005427002906799,0.39046135544776917,0.24383100867271423,0.34676364064216614
2590DF08,0.48303645849227905,0.5397964715957642,0.24200724065303802,0.3330895006656647
07E10706,0.425007700920105,0.5882508158683777,0.2547491490840912,0.34391239285469055
91009A03,0.46409109234809875,0.5070894360542297,0.19852229952812195,0.279593825340271
5026FDA2,0.4301276206970215,0.5355554819107056,0.2518652081489563,0.3655482530593872
C91383EA,0.3733111023902893,0.3291504681110382,0.34782326221466064,0.4353882372379303
86AF26DD,0.4783599376678467,0.41603174805641174,0.23852838575839996,0.3564629554748535
B3722282,0.3755593001842499,0.4732601046562195,0.26473137736320496,0.38955676555633545
5391DF72,0.42053526639938354,0.5245013236999512,0.23492290079593658,0.3607181906700134
15BCF70C,0.452286958694458,0.40502411127090454,0.2225458174943924,0.3682803809642792
A8487D43,0.3854006826877594,0.3733132779598236,0.2830321192741394,0.33733850717544556
0F8CC6D1,0.3308050334453583,0.4170624017715454,0.42340216040611267,0.5084865093231201
C6117E16,0.4974623918533325,0.45693498849868774,0.2215072214603424,0.3212764263153076
F576A894,0.4148813486099243,0.5075916051864624,0.2538088858127594,0.3497328758239746
3A4FD2A1,0.3767852187156677,0.47143304347991943,0.3398486077785492,0.4083830714225769
519C31BC,0.3948972523212433,0.44751977920532227,0.28349050879478455,0.329146146774292
1A1DCBC5,0.4524639844894409,0.2744048237800598,0.42826753854751587,0.4433462619781494
FDA39280,0.34702974557876587,0.4493290185928345,0.30942386388778687,0.41140052676200867
9EAD9589,0.44439613819122314,0.5716121792793274,0.264831006526947,0.34217384457588196
BB0EC309,0.46871399879455566,0.44764071702957153,0.21672195196151733,0.3379911482334137
608BE568,0.4908320903778076,0.48691388964653015,0.22928950190544128,0.3308907449245453
06F4BC11,0.4760461449623108,0.5449489951133728,0.22238600254058838,0.30110082030296326
DCE306BC,0.4421144127845764,0.5344578623771667,0.26318204402923584,0.3657722771167755
2E3449B1,0.40172284841537476,0.5104308724403381,0.28804171085357666,0.39177924394607544
C47ED374,0.3548319637775421,0.3315199911594391,0.24738331139087677,0.3383771479129791
C3673FFD,0.4343135356903076,0.3858603835105896,0.3433707058429718,0.41859111189842224
AF75DEFC,0.42119377851486206,0.5615500211715698,0.2698879837989807,0.350189745426178
9AC788F6,0.3258773982524872,0.3768548369407654,0.3296245336532593,0.3899937570095062
FBE3CCCA,0.4107174277305603,0.49847468733787537,0.21228955686092377,0.3269849121570587
B4D62501,0.4052935242652893,0.4214422106742859,0.24382959306240082,0.3200318515300751
1046578D,0.3954992890357971,0.26410534977912903,0.4329726994037628,0.4766228497028351
E741F8D5,0.4192189574241638,0.46767595410346985,0.23432432115077972,0.2776012122631073
87878214,0.3897400498390198,0.49244925379753113,0.304958701133728,0.40749430656433105
C9B74E21,0.45551323890686035,0.5596854090690613,0.24619713425636292,0.34243038296699524
6F23659E,0.3902391195297241,0.44560033082962036,0.20313602685928345,0.2606222629547119
E918FEAF,0.40025338530540466,0.4608403146266937,0.25027352571487427,0.36940136551856995
51BCE471,0.3746128976345062,0.4811951816082001,0.36538800597190857,0.41923218965530396
9CA35CC5,0.4031645655632019,0.5772692561149597,0.2634621560573578,0.3487951159477234
9D3A22E8,0.4062580466270447,0.35326889157295227,0.3974002003669739,0.4765394628047943
1674884D,0.4426928460597992,0.47000354528427124,0.2859170138835907,0.3800296187400818
A79140B3,0.3587760031223297,0.5074010491371155,0.32600051164627075,0.38651666045188904
387683D3,0.30519282817840576,0.3105274736881256,0.31051909923553467,0.36717289686203003
E830C326,0.32704463601112366,0.4786232113838196,0.3203296959400177,0.3858468234539032
B9A2EDF2,0.4333162009716034,0.3406994640827179,0.33276131749153137,0.49611735343933105
BA484FD6,0.3756380081176758,0.4691636264324188,0.30284446477890015,0.47661083936691284
BC97CBC3,0.4078906178474426,0.4985145628452301,0.272854208946228,0.36078721284866333
3D42B555,0.44388172030448914,0.49907830357551575,0.2840224504470825,0.37566813826560974
E02ABB6C,0.4664754867553711,0.5281386375427246,0.29965415596961975,0.3669796288013458
09E9A0CB,0.4295024871826172,0.5508866906166077,0.27024245262145996,0.3414113521575928
5430597D,0.3495730459690094,0.48729413747787476,0.3825734257698059,0.44174614548683167
008876A9,0.41160479187965393,0.2019733190536499,0.3991769552230835,0.3918030261993408
97A43E31,0.5067254900932312,0.4921867251396179,0.24838986992835999,0.3344517648220062
5BEAAECC,0.3797912001609802,0.447444349527359,0.2940952777862549,0.34498727321624756
C47E41BD,0.39060890674591064,0.37257522344589233,0.28621795773506165,0.4202951490879059
45F9D6E1,0.4415687620639801,0.5868314504623413,0.24204182624816895,0.33409252762794495
92299E39,0.42115968465805054,0.4026033580303192,0.2789574861526489,0.45523545145988464
D9B53505,0.32111480832099915,0.264067679643631,0.24575336277484894,0.285472571849823
BB709F9F,0.4831061065196991,0.505896270275116,0.20770159363746643,0.29211387038230896
A97A739F,0.3963327705860138,0.4122209846973419,0.26945146918296814,0.43129676580429077
454D6DD3,0.3450831472873688,0.42917218804359436,0.31954824924468994,0.4116787314414978
F583D09E,0.32958781719207764,0.3921811878681183,0.3611485958099365,0.4497799277305603
E9145CB9,0.49512413144111633,0.46477505564689636,0.26354342699050903,0.35387760400772095
E4EAC4AC,0.39149209856987,0.5093309283256531,0.2303169071674347,0.3571358025074005
082EFA1B,0.2897407114505768,0.503771960735321,0.3058103322982788,0.3961678147315979
AD9FCD41,0.430121511220932,0.38794293999671936,0.3742176294326782,0.4344947338104248
575B15C7,0.33451172709465027,0.4594808518886566,0.30571842193603516,0.36613550782203674
57D0963E,0.3261162340641022,0.3513600528240204,0.4313715100288391,0.5412827730178833
471C0C9E,0.45650312304496765,0.3351622223854065,0.32296058535575867,0.4134465754032135
BFDC65CD,0.34897491335868835,0.4492017924785614,0.29594242572784424,0.3563164174556732
1A9ECD53,0.48291441798210144,0.5141598582267761,0.20010776817798615,0.2767755389213562
7A8C4C8D,0.4124355614185333,0.5401517748832703,0.26589903235435486,0.3745783865451813
FD37B3CF,0.3801819682121277,0.5054392218589783,0.29111775755882263,0.35482269525527954
8E3FDE13,0.4292179346084595,0.4533286988735199,0.22844509780406952,0.36303070187568665
931CE08C,0.3006216287612915,0.4863615930080414,0.33873170614242554,0.3754632771015167
C5044605,0.3339534103870392,0.4184077978134155,0.3802383542060852,0.4462617039680481
561327A8,0.3989911675453186,0.565561056137085,0.23283785581588745,0.33350062370300293
967EE875,0.36642441153526306,0.5081097483634949,0.3140186071395874,0.3635777235031128
0C2A5299,0.523997962474823,0.33338662981987,0.34756264090538025,0.4312877953052521
AD30E9B2,0.41303786635398865,0.5614715218544006,0.27096182107925415,0.34622499346733093
179373F3,0.3094826936721802,0.3759961426258087,0.38853758573532104,0.4476459324359894
1E0DEBE1,0.346666157245636,0.47390490770339966,0.3124390244483948,0.40761733055114746
8F98C405,0.4950128197669983,0.5201313495635986,0.20626510679721832,0.2741250693798065
75BA5A4B,0.40386199951171875,0.5524057745933533,0.2716289162635803,0.33843812346458435
EA8630F7,0.3978808522224426,0.5622952580451965,0.2693079710006714,0.3416983485221863
0454B658,0.46905574202537537,0.5632461309432983,0.27252110838890076,0.35095536708831787
5DF01EA4,0.4177153408527374,0.4598998427391052,0.2920272648334503,0.33657386898994446
FA9307D6,0.34757912158966064,0.3699682056903839,0.4191082715988159,0.5416812896728516
390F7618,0.4863829016685486,0.3808984160423279,0.2643790543079376,0.3645488917827606
B04A7438,0.2785109281539917,0.29661285877227783,0.5045667290687561,0.6080542206764221
5F0AEB90,0.38725587725639343,0.4638769030570984,0.2859870195388794,0.41656872630119324
AC942E95,0.36603254079818726,0.4306623637676239,0.3029693365097046,0.3541931211948395
0F6834B4,0.4816333055496216,0.5041847825050354,0.2380494624376297,0.3242764174938202
DA9A91F5,0.49545755982398987,0.27392667531967163,0.3914508521556854,0.45381757616996765
D627C3BD,0.447013258934021,0.5294161438941956,0.233367457985878,0.29632100462913513
10D787DF,0.35243433713912964,0.4662975072860718,0.3123452961444855,0.42924997210502625
79C96F22,0.37210312485694885,0.38702142238616943,0.24711431562900543,0.3261806070804596
97EB229A,0.3884117007255554,0.4458112418651581,0.24930314719676971,0.3448566198348999
1AE6A4CD,0.5429732799530029,0.3257145583629608,0.33263924717903137,0.4413713216781616
9FA6CAED,0.4316011965274811,0.5208900570869446,0.202699214220047,0.33719879388809204
41F65E33,0.35477566719055176,0.3103827238082886,0.41342610120773315,0.49331724643707275
74F3AE65,0.46258091926574707,0.47126951813697815,0.20994833111763,0.2966499626636505
D4C43A12,0.4604746699333191,0.5725182890892029,0.26292040944099426,0.345540851354599
0209DE5C,0.5325201153755188,0.4109356999397278,0.26695600152015686,0.3275177478790283
F8057916,0.41551727056503296,0.4786917567253113,0.26410430669784546,0.3201124668121338
5B7CBD42,0.4598097801208496,0.5307902693748474,0.18682271242141724,0.27655044198036194
51ACD6F6,0.49522292613983154,0.44253212213516235,0.2806207835674286,0.3911290764808655
55B0D23B,0.4414843022823334,0.5134978890419006,0.3225077688694,0.4021542966365814
8AEE18D5,0.4228709638118744,0.5229062438011169,0.2267741560935974,0.3319184184074402
E971C5CF,0.43377262353897095,0.574987530708313,0.24651822447776794,0.3299941420555115
C9465B00,0.5061886310577393,0.4058513045310974,0.255780428647995,0.35645025968551636
0D08F047,0.35997849702835083,0.4392601549625397,0.4013323485851288,0.4779749810695648
D3160900,0.44121596217155457,0.5335490107536316,0.2990962862968445,0.38238027691841125
95FE00DA,0.4067160487174988,0.20973441004753113,0.38006913661956787,0.3799956440925598
6C07DF68,0.3576687276363373,0.42828527092933655,0.3912111222743988,0.4633950889110565
24EF6BA7,0.43920260667800903,0.5058008432388306,0.25240185856819153,0.34596848487854004
0B271797,0.4178297817707062,0.4586651623249054,0.2049994319677353,0.3017725944519043
BB77572A,0.3634064197540283,0.547644853591919,0.30081161856651306,0.37153488397598267
CEB4E6A0,0.4478260576725006,0.569425106048584,0.23150776326656342,0.3112846612930298
73B0AFC4,0.3858349025249481,0.49871230125427246,0.21507155895233154,0.33718183636665344
D856172A,0.3961122930049896,0.5524682998657227,0.303789883852005,0.38042256236076355
C734B034,0.46975386142730713,0.5229678153991699,0.29666668176651,0.3603735864162445
B195B030,0.4631650447845459,0.5227593779563904,0.20218639075756073,0.29649588465690613
9953F529,0.5338788628578186,0.4971258044242859,0.23635196685791016,0.2873800992965698
956688BC,0.3470105528831482,0.49168747663497925,0.3321855962276459,0.41023948788642883
42D6A563,0.388482928276062,0.4566262662410736,0.2615337073802948,0.4133830666542053
A65F47D9,0.43108659982681274,0.5485846996307373,0.21746353805065155,0.31113189458847046
01AFEB73,0.345147043466568,0.4531741142272949,0.33675166964530945,0.3918280601501465
EC174B2A,0.3020045757293701,0.3905182182788849,0.2942146360874176,0.374427855014801
D4D078C2,0.4263737201690674,0.47985658049583435,0.21220612525939941,0.3218232989311218
9362F0D5,0.42137622833251953,0.5367169380187988,0.23335634171962738,0.3142230212688446
F05C9067,0.45133382081985474,0.5002901554107666,0.1926356703042984,0.2692275941371918
3FFB881C,0.387735515832901,0.4762645661830902,0.3090702295303345,0.3738996088504791
